Platform,Audience,Purpose,Content
LinkedIn,Recruiters,Building employer brand,"""Sharing employee success stories! Congrats to [employee name] on their promotion to now position. We're proud to invest in our team's growth. #careeropportunities #employeerecognition"""
LinkedIn,Job Seekers,Highlight achievements,"""Increased website traffic by 20% through a targeted SEO campaign in my previous role. Excited to bring my skills to a new challenge! #marketing #achievementunlocked"""
LinkedIn,Industry Influencers,Partner with brands,"""Partnered with [brand name] to develop a new social media strategy for their company.  #socialmediamarketing #brandcollaboration"""
LinkedIn,Professionals,Celebrate diversity,"""Diversity and inclusion are key to a thriving workplace. Let's celebrate the unique perspectives and experiences of our colleagues! #diversityandinclusion #workplaceculture"""
LinkedIn,Businesses,Social responsibility,"""Announcing our company's commitment to planting one million trees by 2025. We believe in giving back to the environment! #sustainability #corporatesocialresponsibility"""
LinkedIn,Recruiters,Candidate experience,"""Sending personalized interview thank-you notes goes a long way. It shows candidates you value their time and interest. #candidateexperience #recruitmenttips"""
LinkedIn,Job Seekers,Showcase passion,"""My passion lies in helping others succeed. Excited to build a career in the field of education! #education #careergoals"""
LinkedIn,Industry Influencers,Host a contest,"""Running a contest for a chance to win a one-on-one coaching session with me! To enter, like this post and tag 3 friends. #coaching #industryexpertise"""
LinkedIn,Professionals,Work anniversary,"""Celebrating my work anniversary today and expressing gratitude to my colleagues for their support and friendship! #workfamily #grateful"""
LinkedIn,Businesses,Promote company events,"""We're participating in a career fair at [location] next month! Come visit our booth and learn more about exciting career opportunities at [company name]. #careerevent #hiring"""
LinkedIn,Recruiters,Sourcing passive candidates,"""Engaging with industry professionals who might be open to new opportunities. Let's connect and discuss your career goals! #careerdevelopment #talentacquisition"""
LinkedIn,Job Seekers,Networking event attendance,"""Registered for the upcoming [industry event name] conference. Looking forward to connecting with fellow professionals and learning new trends! #networking #industryevents"""
LinkedIn,Industry Influencers,Industry news commentary,"""Sharing my thoughts on the recent [industry news topic].  #thoughtleadership #industryinsights"""
LinkedIn,Professionals,Stay informed,"""Following relevant industry publications like [publication name] to stay informed about the latest trends and innovations. #professionaldevelopment #learning"""
LinkedIn,Businesses,Showcase company culture,"""Sharing photos from our team-building retreat! We believe in fostering a fun and collaborative work environment. #companyculture #teambuilding"""
LinkedIn,Recruiters,Build employer brand,"""Sharing employee success stories and career paths within our company. We offer opportunities for growth and development! #careeropportunities #employeebranding"""
LinkedIn,Job Seekers,Highlight achievements,"""Updated my profile with quantifiable results from my previous jobs. Showcasing my impact on key projects! #resumewriting #jobsearchtips"""
LinkedIn,Industry Influencers,Partner with brands,"""Partnered with [brand name] to develop a new content series on [topic]. Combining expertise to create valuable resources for the industry! #contentmarketing #industrycollaboration"""
LinkedIn,Professionals,Celebrate diversity,"""Sharing a quote by [inspirational figure] on the importance of inclusion: 'Diversity is the engine of innovation.' #diversityandinclusion #workplaceculture"""
LinkedIn,Businesses,Social responsibility,"""Proud to announce our partnership with [non-profit organization] to support their mission of [mission statement]. #corporatesocialresponsibility #givingback"""
LinkedIn,Recruiters,Candidate experience,"""Providing clear expectations and timelines throughout the interview process is crucial for a positive candidate experience. #candidateexperience #recruitmentbestpractices"""
LinkedIn,Job Seekers,Showcase passion,"""Writing a post about my career aspirations in the field of renewable energy. Passionate about creating a sustainable future! #renewableenergy #careergoals"""
LinkedIn,Professionals,Networking,"""Just finished a challenging project on data visualization. Looking to connect with other data enthusiasts! #datavisualization #networking"""
LinkedIn,Businesses,Brand Awareness,"""Did you know the global e-commerce market is expected to reach $8 trillion by 2026?  [link to article] #ecommerce #thoughtleadership"""
LinkedIn,Recruiters,Source Candidates,"""We're searching for a passionate and detail-oriented Content Marketing Manager to join our team! Apply here: [link to job posting] #contentmarketing #hiring"""
LinkedIn,Job Seekers,Career Development,"""What are the best practices for salary negotiation in the tech industry? #careerdevelopment #salarynegotiation"""
LinkedIn,Industry Influencers,Thought Leadership,"""Excited to share my latest article on the future of AI in marketing! [link to article] #artificialintelligence #marketingtrends"""
LinkedIn,Professionals,Learning,"""Looking for resources to improve my public speaking skills. Any recommendations? #publicspeaking #professionaldevelopment"""
LinkedIn,Businesses,Employee Engagement,"""Celebrating our team's hard work and dedication this quarter!   #employeeengagement #teamwork"""
LinkedIn,Recruiters,Candidate Attraction,"""We offer a comprehensive benefits package including health insurance, paid time off, and professional development opportunities. Learn more about working at [company name]: [link to careers page] #benefits #careeropportunities"""
LinkedIn,Job Seekers,Job Search Strategy,"""Tailoring your resume to each job application is key to landing interviews. Here are some tips! [link to blog post] #jobsearchtips #resumeadvice"""
LinkedIn,Industry Influencers,Community Building,"""Let's discuss the challenges and opportunities of blockchain technology! Share your thoughts in the comments below. #blockchain #communitybuilding"""
LinkedIn,Professionals,Knowledge Sharing,"""Sharing key takeaways from the recent leadership conference. Here are 3 tips for effective communication: [list 3 tips] #leadership #communication"""
LinkedIn,Businesses,Lead Generation,"""Download our free white paper on the benefits of cloud computing for businesses: [link to download] #cloudcomputing #leadgeneration"""
LinkedIn,Recruiters,Employer Branding,"""We were recently featured in [publication name] as a top employer for [reason]. We're proud to offer a positive and rewarding work environment! [link to article] #employerbranding #workculture"""
LinkedIn,Job Seekers,Networking,"""Connecting with professionals in the marketing industry. Happy to chat and learn more about your experiences! #marketing #networking"""
LinkedIn,Industry Influencers,Collaboration,"""Partnering with [influencer name] to create a video series on [topic]! Stay tuned for the launch next month. #collaboration #industryexpertise"""
LinkedIn,Industry Influencers,Host a Contest,"""Running a giveaway for a chance to win a free copy of my new book on [book topic]! To enter, follow me and share this post. #giveaway #industryexpert"""
LinkedIn,Professionals,Work Anniversary,"""Celebrating 5 years at [company name] today! Grateful for the opportunity to learn and grow alongside this amazing team. #workanniversary #grateful"""
LinkedIn,Businesses,Promote Company Events,"""We're hosting a webinar on [webinar topic] next week! Join us to learn from industry experts. Register here: [link to registration] #webinar #industryinsights"""
LinkedIn,Recruiters,Source Candidates,"""We're searching for a passionate and detail-oriented Content Marketing Manager to join our team! Apply here: [link to job posting] #contentmarketing #hiring"""
LinkedIn,Recruiters,Candidate Attraction,"""We offer a comprehensive benefits package including health insurance, paid time off, and professional development opportunities. Learn more about working at [company name]: [link to careers page] #benefits #careeropportunities"""
LinkedIn,Recruiters,Building employer brand,"""Sharing employee success stories! Congrats to [employee name] on their promotion to [new position]. We're proud to invest in our team's growth. #careeropportunities #employeerecognition"""
LinkedIn,Recruiters,Candidate experience,"""Sending personalized interview thank-you notes goes a long way. It"
LinkedIn,Businesses,Brand Awareness,"""Did you know the global e-commerce market is expected to reach $8 trillion by 2026? [link to article] #ecommerce #thoughtleadership"""
LinkedIn,Businesses,Employee Engagement,"""Celebrating our team's hard work and dedication this quarter! #employeeengagement #teamwork"""
LinkedIn,Businesses,Lead Generation,"""Download our free white paper on the benefits of cloud computing for businesses: [link to download] #cloudcomputing #leadgeneration"""
LinkedIn,Businesses,Employer Branding,"""We were recently featured in [publication name] as a top employer for [reason]. We're proud to offer a positive and rewarding work environment! [link to article] #employerbranding #workculture"""
LinkedIn,Businesses,Customer Engagement,"""Responding to customer comments and questions to ensure a positive customer experience. #customerexperience #sociallistening"""
LinkedIn,Businesses,Market research,"""Conducting a poll to gather insights from our target audience on [topic]. Your feedback is valuable! #marketresearch #audienceengagement"""
LinkedIn,Businesses,Public relations,"""Sharing positive press mentions or media coverage about our company's recent achievements. #publicrelations #earnedmedia"""
LinkedIn,Businesses,Showcase company culture,"""Sharing photos from our team-building retreat! We believe in fostering a fun and collaborative work environment. #companyculture #teambuilding"""
LinkedIn,Businesses,Social responsibility,"""Announcing our company's commitment to planting one million trees by 2025. We believe in giving back to the environment! #sustainability #corporatesocialresponsibility"""
LinkedIn,Businesses,Recruitment event promotion,"""Announce your participation in a career fair or job expo at [location] next month! Come visit our booth and learn more about exciting career opportunities at [company name]. #careerevent #hiring"""
LinkedIn,Businesses,Promote company events,"""We're hosting a webinar on [webinar topic] next week! Join us to learn from industry experts. Register here: [link to registration] #webinar #industryinsights"""
LinkedIn,Professionals,Networking,"""Just finished a challenging project on [project topic]. Looking to connect with other professionals in the field for future collaborations! #projectmanagement #networking"""
LinkedIn,Professionals,Learning,"""What are your favorite tools for staying organized and productive? #productivityhacks #workflow"""
LinkedIn,Professionals,Knowledge Sharing,"""Sharing key takeaways from the recent [conference name] on [conference topic]. Here are the top 3 insights I gained: [link to blog post] #conferencehighlights #industryknowledge"""
LinkedIn,Professionals,Problem-solving,"""Asking for help from my network on a specific work challenge related to [challenge topic]. Any advice is appreciated! #problemsolving #collaboration"""
LinkedIn,Professionals,Skill development,"""Sharing a course completion certificate or online learning resource on [skill topic]. Always striving to improve! #lifelonglearning #upskilling"""
LinkedIn,Professionals,Stay informed,"""Following relevant industry publications like [publication name] to stay informed about the latest trends and innovations. #professionaldevelopment #learning"""
LinkedIn,Professionals,Inspiration,"""Sharing a quote by [inspirational figure] that motivates me: '[Quote]' #inspiration #motivation"""
LinkedIn,Professionals,Work anniversary,"""Celebrating my work anniversary today and expressing gratitude to my colleagues for their support and friendship! #workfamily #grateful"""
LinkedIn,Professionals,Job Posting,Exciting opportunity alert! Our company is hiring for a [Job Title] position. Click the link to apply and join our team.
LinkedIn,Professionals,Career Advice,Feeling stuck in your career? Here are 5 actionable tips to help you navigate career transitions and find your passion.
LinkedIn,Professionals,Industry News,Stay updated with the latest trends in [Industry]. Check out this insightful article on the future of [Industry].
LinkedIn,Professionals,Thought Leadership,Delighted to share my thoughts on [Topic]. Read my latest article on how [Topic] is shaping the future of [Industry].
LinkedIn,Professionals,Company Update,We're thrilled to announce the launch of our new product/service! Learn more about how it can benefit your business.
LinkedIn,Professionals,Professional Achievement,Honored to receive the [Award Name] for [Achievement]. Grateful for the support of my colleagues and mentors.
LinkedIn,Professionals,Industry News,Breaking news! [Company] just announced a strategic partnership with [Partner Company]. Exciting times ahead.
LinkedIn,Professionals,Career Advice,Are you a recent graduate looking for career guidance? Here are 7 tips to kick-start your job search and land your dream job.
LinkedIn,Professionals,Job Posting,Join our dynamic team! We're hiring a [Job Title] with expertise in [Skill]. Apply now and take your career to new heights.
LinkedIn,Professionals,Thought Leadership,Thrilled to share insights from my recent research on [Topic]. Check out my latest whitepaper on the future of [Industry].
LinkedIn,Professionals,Company Update,We're excited to announce the opening of our new office/location! Looking forward to serving our clients in [Location].
LinkedIn,Professionals,Professional Achievement,Proud to be recognized as a [Award Name] finalist for [Category]. Thanks to our amazing team for their hard work and dedication.
LinkedIn,Professionals,Industry News,Stay informed about the latest regulations affecting [Industry]. Read this comprehensive guide to [Regulation].
LinkedIn,Professionals,Career Advice,Transitioning to a new career? Here are 5 steps to successfully pivot and thrive in your new role.
LinkedIn,Professionals,Job Posting,"We're seeking a talented [Job Title] to join our team. If you're passionate about [Industry], we want to hear from you!"
LinkedIn,Professionals,Thought Leadership,Sharing insights on [Topic] at the upcoming industry conference. Looking forward to connecting with fellow thought leaders.
LinkedIn,Professionals,Company Update,Celebrating a milestone achievement! Our company has reached [Number] years in business. Thanks to our clients and team members.
LinkedIn,Professionals,Professional Achievement,Delighted to be featured as a guest speaker at [Event Name]. Excited to share expertise and insights with industry peers.
LinkedIn,Professionals,Industry News,Important update: [Industry Trend] is predicted to reshape the future of [Industry]. Stay ahead of the curve with our guide.
LinkedIn,Professionals,Career Advice,Struggling with work-life balance? Here are 5 strategies to achieve harmony between your professional and personal life.
LinkedIn,Professionals,Job Posting,Looking for a talented [Job Title] to join our growing team. Apply now and be part of our mission to [Company's Mission].
LinkedIn,Professionals,Thought Leadership,Reflecting on key learnings from [Conference/Event Name]. Here are my top takeaways and insights for fellow professionals.
LinkedIn,Professionals,Company Update,Exciting news! Our company has been recognized as a top employer in [Industry]. Join us and be part of our success story.
LinkedIn,Professionals,Professional Achievement,"Grateful to have achieved [Milestone] in my career journey. Big thanks to my mentors, colleagues, and supporters."
LinkedIn,Professionals,Industry News,Breaking developments in [Industry]: [Company] announces groundbreaking innovation in [Technology/Service].
LinkedIn,Professionals,Career Advice,Feeling uncertain about your career path? Here's how to leverage networking to explore new opportunities and find clarity.
LinkedIn,Professionals,Job Posting,"Seeking a dynamic [Job Title] to lead our [Department/Team]. If you're passionate about [Industry], we want to hear from you!"
LinkedIn,Professionals,Thought Leadership,Sharing insights on [Topic] in my latest blog post. Join the conversation and let's drive innovation in [Industry] together.
LinkedIn,Professionals,Company Update,We're expanding our team! Join us in welcoming our newest members and learn more about exciting career opportunities with us.
LinkedIn,Professionals,Professional Achievement,Honored to receive the [Award Name] for [Achievement]. Grateful for the support of my colleagues and mentors.
LinkedIn,Professionals,Industry News,Stay informed about the latest trends in [Industry]. Check out this comprehensive report on [Industry Trend].
LinkedIn,Professionals,Career Advice,Transitioning to a new role? Here are 5 strategies for effective onboarding and making a positive impact from day one.
LinkedIn,Professionals,Job Posting,"Join our innovative team as a [Job Title]. Together, let's drive transformation and create impact in [Industry]."
LinkedIn,Professionals,Thought Leadership,Excited to share insights from my recent project on [Topic]. Learn how [Project Outcome] is revolutionizing [Industry].
LinkedIn,Professionals,Company Update,"Celebrating another successful quarter! Our company continues to grow and thrive, thanks to the dedication of our team."
LinkedIn,Professionals,Professional Achievement,Recognized as a top performer in [Area/Department]. Grateful for the opportunities to contribute to our company's success.
LinkedIn,Professionals,Industry News,Breaking news: [Company] announces strategic acquisition in [Sector]. Stay tuned for updates on our expansion plans.
LinkedIn,Professionals,Career Advice,Struggling with career advancement? Here are 5 actionable steps to position yourself for growth and success.
LinkedIn,Professionals,Job Posting,"Looking for a passionate [Job Title] to join our team. If you're ready to make an impact in [Industry], apply now!"
LinkedIn,Professionals,Thought Leadership,Exploring emerging trends in [Topic] and their implications for [Industry]. Join the conversation and share your insights.
LinkedIn,Professionals,Company Update,"We're proud to announce our latest partnership with [Partner Company]. Together, we'll unlock new opportunities for growth."
LinkedIn,Professionals,Professional Achievement,Thrilled to be recognized as a [Award Name] finalist for [Category]. Thank you to everyone who has supported me along the way.
LinkedIn,Professionals,Career Advice,Enhance your leadership skills with these 7 actionable tips from industry experts. Elevate your career to the next level.
LinkedIn,Professionals,Job Posting,Exciting opportunity! We're hiring a [Job Title] to join our innovative team. Apply now and be part of our success story.
LinkedIn,Professionals,Thought Leadership,Discussing the future of work at [Conference/Event Name]. Join me as we explore strategies for navigating workplace challenges.
LinkedIn,Professionals,Company Update,Introducing our latest product/service designed to revolutionize [Industry]. Learn how it can benefit your organization.
LinkedIn,Professionals,Professional Achievement,"Grateful to receive the [Award Name] for [Achievement]. Thank you to my mentors, colleagues, and clients for their support."
LinkedIn,Professionals,Industry News,Breaking developments in [Industry]: [Company] announces strategic expansion into [New Market]. Exciting times ahead.
LinkedIn,Professionals,Career Advice,Uncover hidden job opportunities with these networking strategies. Build meaningful connections and advance your career.
LinkedIn,Professionals,Job Posting,Join our dynamic team as a [Job Title]. We're seeking motivated individuals who are passionate about making a difference.
LinkedIn,Professionals,Thought Leadership,Exploring the intersection of technology and sustainability in [Industry]. Join the conversation and share your insights.
LinkedIn,Professionals,Company Update,"Celebrating [Number] years of innovation and excellence! Thank you to our clients, partners, and employees for their support."
LinkedIn,Professionals,Professional Achievement,Recognized as a top performer in [Area/Department]. Proud to be part of a team that values excellence and collaboration.
LinkedIn,Professionals,Industry News,Stay informed about emerging trends with our monthly industry roundup. Access insights and analysis from leading experts.
LinkedIn,Professionals,Career Advice,Overcoming imposter syndrome in the workplace: practical tips for building confidence and achieving success.
LinkedIn,Professionals,Job Posting,We're looking for a motivated [Job Title] to join our growing team. Take the next step in your career and apply today.
LinkedIn,Professionals,Thought Leadership,Delighted to share insights from my latest research on [Topic]. Learn how [Findings] can drive innovation in [Industry].
LinkedIn,Professionals,Company Update,Exciting news! Our company has been named a finalist for the [Award Name] in recognition of our commitment to excellence.
LinkedIn,Professionals,Professional Achievement,Honored to be featured in [Publication] for my contributions to [Industry]. Grateful for the opportunity to share my expertise.
LinkedIn,Professionals,Industry News,Breaking news: [Industry Trend] is projected to accelerate growth in [Market Segment]. Stay ahead of the curve with our guide.
LinkedIn,Professionals,Career Advice,Mastering the art of time management: productivity hacks for busy professionals. Streamline your workflow and achieve more.
LinkedIn,Professionals,Job Posting,Seeking a skilled [Job Title] to join our innovative team. Explore exciting opportunities for career growth and development.
LinkedIn,Professionals,Thought Leadership,Discussing the future of [Industry] at the upcoming summit. Join industry leaders as we explore trends and insights.
LinkedIn,Professionals,Company Update,Introducing our latest initiative to promote diversity and inclusion in the workplace. Learn how we're driving positive change.
LinkedIn,Professionals,Professional Achievement,Proud to receive the [Award Name] for [Achievement]. This milestone is a testament to the dedication of our entire team.
LinkedIn,Professionals,Industry News,Stay informed with our quarterly market report. Gain valuable insights into key trends shaping the future of [Industry].
LinkedIn,Professionals,Career Advice,Building a personal brand: strategies for enhancing your online presence and positioning yourself as a thought leader.
LinkedIn,Professionals,Job Posting,Exciting career opportunity: we're hiring a [Job Title] to lead our [Department/Team]. Join us in driving innovation and growth.
LinkedIn,Professionals,Thought Leadership,Exploring the impact of AI on [Industry] in my latest blog post. Join the conversation and share your thoughts on the future.
LinkedIn,Professionals,Company Update,Celebrating the successful completion of our latest project. Learn how our innovative solutions are making a difference.
LinkedIn,Professionals,Professional Achievement,Recognized as a [Award Name] finalist for [Category]. Grateful for the opportunity to contribute to our industry's success.
LinkedIn,Professionals,Industry News,Breaking developments in [Industry]: [Company] announces strategic partnership with [Partner Company]. Exciting times ahead.
LinkedIn,Professionals,Career Advice,Overcoming common career challenges: actionable tips for navigating setbacks and achieving your professional goals.
LinkedIn,Professionals,Job Posting,Seeking a talented [Job Title] to join our collaborative team. Take the next step in your career and apply now.
LinkedIn,Professionals,Thought Leadership,Discussing the future of [Industry] at the upcoming conference. Join me as we explore opportunities for innovation and growth.
LinkedIn,Professionals,Company Update,Introducing our latest product/service designed to streamline operations and drive efficiency in [Industry].
LinkedIn,Professionals,Professional Achievement,"Honored to receive the [Award Name] for [Achievement]. Thank you to my mentors, colleagues, and clients for their support."
LinkedIn,Professionals,Industry News,Stay ahead of the competition with our monthly industry insights. Access analysis and commentary from industry experts.
LinkedIn,Professionals,Career Advice,Mastering the art of networking: strategies for building meaningful professional relationships and expanding your network.
LinkedIn,Professionals,Job Posting,Join our innovative team as a [Job Title]. We're seeking driven individuals who are passionate about driving change.
LinkedIn,Professionals,Thought Leadership,Exploring the future of [Industry] in my latest article. Join the conversation and share your insights on industry trends.
LinkedIn,Professionals,Company Update,"Celebrating [Number] years of excellence and innovation! Thank you to our clients, partners, and employees for your support."
LinkedIn,Professionals,Professional Achievement,Recognized as a top performer in [Area/Department]. Proud to be part of a team that values excellence and collaboration.
LinkedIn,Professionals,Industry News,Breaking news: [Company] announces strategic acquisition in [Sector]. Stay tuned for updates on our expansion plans.
LinkedIn,Professionals,Career Advice,Overcoming imposter syndrome in the workplace: practical tips for building confidence and achieving success.
LinkedIn,Professionals,Job Posting,We're looking for a motivated [Job Title] to join our growing team. Take the next step in your career and apply today
LinkedIn,General,Industry News,Stay updated with the latest trends in [Industry]. Check out this informative article on how [Trend] is shaping our industry.
LinkedIn,General,Career Advice,Struggling to find work-life balance? Here are 5 tips to help you manage your career and personal life effectively.
LinkedIn,General,Thought Leadership,Sharing insights on the future of [Industry] at the upcoming webinar. Join us to gain valuable knowledge and network with peers.
LinkedIn,General,Company Update,Introducing our latest product/service designed to meet the evolving needs of our customers. Learn more about its features.
LinkedIn,General,Professional Achievement,"Celebrating [Number] years of excellence and innovation! Thank you to our employees, clients, and partners for your support."
LinkedIn,General,Industry News,Breaking developments in [Industry]: [Company] announces strategic partnership with [Partner Company]. Exciting times ahead.
LinkedIn,General,Career Advice,Feeling stuck in your career? Here are 7 steps to help you reignite your passion and advance in your professional journey.
LinkedIn,General,Thought Leadership,Exploring the impact of [Trend] on businesses in my latest article. Join the conversation and share your insights on the topic.
LinkedIn,General,Company Update,Exciting news! Our company has been recognized as a leader in [Industry]. Learn more about our achievements and future plans.
LinkedIn,General,Professional Achievement,"Honored to receive the [Award Name] for [Achievement]. Grateful for the support of our clients, partners, and dedicated team."
LinkedIn,General,Industry News,Stay informed about the latest advancements in [Industry]. Read our comprehensive report on emerging trends and technologies.
LinkedIn,General,Career Advice,Ready to level up your career? Here are 5 strategies to help you stand out and land your dream job.
LinkedIn,General,Thought Leadership,Delighted to share insights from my recent research on [Topic]. Learn how [Findings] can drive innovation in our industry.
LinkedIn,General,Company Update,"Celebrating another successful quarter! Our company continues to grow and thrive, thanks to the dedication of our team."
LinkedIn,General,Professional Achievement,Recognized as a top performer in [Area/Department]. Proud to be part of a team that values excellence and collaboration.
LinkedIn,General,Industry News,Breaking news: [Industry Trend] is projected to accelerate growth in [Market Segment]. Stay ahead of the curve with our guide.
LinkedIn,General,Career Advice,Overcoming common career challenges: actionable tips for navigating setbacks and achieving your professional goals.
LinkedIn,General,Thought Leadership,Discussing the future of [Industry] at the upcoming conference. Join me as we explore opportunities for innovation and growth.
LinkedIn,General,Company Update,Introducing our latest product/service designed to streamline operations and drive efficiency in [Industry].
LinkedIn,General,Professional Achievement,"Proud to receive the [Award Name] for [Achievement]. Thank you to our mentors, colleagues, and clients for your support."
LinkedIn,General,Industry News,Stay ahead of the competition with our monthly industry insights. Access analysis and commentary from industry experts.
LinkedIn,General,Career Advice,Mastering the art of networking: strategies for building meaningful professional relationships and expanding your network.
LinkedIn,General,Thought Leadership,Exploring the future of [Industry] in my latest article. Join the conversation and share your insights on industry trends.
LinkedIn,General,Company Update,"Celebrating [Number] years of excellence and innovation! Thank you to our clients, partners, and employees for your support."
LinkedIn,General,Professional Achievement,Recognized as a [Award Name] finalist for [Category]. Grateful for the opportunity to contribute to our industry's success.
LinkedIn,General,Industry News,Breaking news: [Company] announces strategic acquisition in [Sector]. Stay tuned for updates on our expansion plans.
LinkedIn,General,Career Advice,Overcoming imposter syndrome in the workplace: practical tips for building confidence and achieving success.
LinkedIn,General,Job Posting,Seeking a motivated [Job Title] to join our team. Take the next step in your career and apply now.
LinkedIn,General,Thought Leadership,Discussing the future of [Industry] in my latest blog post. Join the conversation and share your insights on industry trends.
LinkedIn,General,Company Update,"Celebrating [Number] years of excellence and innovation! Thank you to our clients, partners, and employees for your support."
LinkedIn,General,Professional Achievement,Recognized as a [Award Name] finalist for [Category]. Grateful for the opportunity to contribute to our industry's success.
LinkedIn,General,Industry News,Breaking news: [Company] announces strategic acquisition in [Sector]. Stay tuned for updates on our expansion plans.
LinkedIn,Job Seekers,Job Posting,Exciting opportunity alert! We're hiring a [Job Title] with [Number] years of experience in [Industry]. Apply now and join us!
LinkedIn,Job Seekers,Career Advice,Crafting the perfect resume: tips and tricks to make your application stand out to potential employers.
LinkedIn,Job Seekers,Job Posting,Looking for your next career move? Our company is seeking a motivated [Job Title] to join our dynamic team. Apply now!
LinkedIn,Job Seekers,Career Advice,Navigating job interviews: strategies for showcasing your skills and experience to land your dream job.
LinkedIn,Job Seekers,Job Posting,Explore exciting career opportunities with us! We're hiring a [Job Title] to help drive innovation in [Industry]. Apply today!
LinkedIn,Job Seekers,Career Advice,Networking 101: how to leverage LinkedIn and other platforms to connect with industry professionals and expand your network.
LinkedIn,Job Seekers,Job Posting,"Seeking a talented [Job Title] to join our team. If you're passionate about [Industry], we want to hear from you!"
LinkedIn,Job Seekers,Career Advice,The art of job searching: practical tips for finding the right job fit and maximizing your career opportunities.
LinkedIn,Job Seekers,Job Posting,Join our innovative team as a [Job Title]. We're looking for driven individuals who are ready to make an impact. Apply now!
LinkedIn,Job Seekers,Career Advice,Building your personal brand: strategies for creating an online presence that showcases your skills and expertise to employers.
LinkedIn,Job Seekers,Job Posting,Looking for your next challenge? We're hiring a [Job Title] to lead our team to success. Apply now and take the next step in your career!
LinkedIn,Job Seekers,Career Advice,"Interview preparation 101: how to research the company, practice common questions, and make a lasting impression on employers."
LinkedIn,Job Seekers,Job Posting,Join us in our mission to [Mission Statement]. We're seeking a dedicated [Job Title] to help us achieve our goals. Apply today!
LinkedIn,Job Seekers,Career Advice,"Leveraging LinkedIn for job search success: tips for optimizing your profile, networking effectively, and connecting with recruiters."
LinkedIn,Job Seekers,Job Posting,Ready to take the next step in your career? We're looking for a skilled [Job Title] to join our team. Apply now and grow with us!
LinkedIn,Job Seekers,Career Advice,"Developing your elevator pitch: how to effectively communicate your skills, experience, and career goals to potential employers."
LinkedIn,Job Seekers,Job Posting,"Seeking a motivated [Job Title] to join our team. If you're passionate about [Industry], we want to hear from you!"
LinkedIn,Job Seekers,Career Advice,"Negotiating job offers: strategies for evaluating compensation packages, benefits, and opportunities for growth."
LinkedIn,Job Seekers,Job Posting,Looking for your next career move? We're hiring a [Job Title] with [Number] years of experience in [Industry]. Apply now!
LinkedIn,Job Seekers,Career Advice,Leveraging informational interviews: how to network with professionals in your desired industry and gather valuable insights.
Instagram,Millennials & Gen Z,Travel Inspiration,"""Wanderlust vibes ‚úàÔ∏è Exploring hidden gems and embracing new adventures. Where's your next travel destination? #TravelGoals"""
Instagram,Millennials & Gen Z,Fashion Inspiration,"""Stepping into the week with confidence and style üíÉ Rocking my favorite #OOTD for some serious fashion inspiration. #Fashionista"""
Instagram,Millennials & Gen Z,Foodie Delight,"""Indulging in some mouth-watering delights üçî Who can resist a juicy burger on a lazy Sunday afternoon? #FoodieLife"""
Instagram,Millennials & Gen Z,Fitness Motivation,"""Morning workouts are the best way to start the day üí™ Pushing myself to new limits and feeling stronger with each rep. #FitnessJourney"""
Instagram,Millennials & Gen Z,Artistic Expression,"""Lost in the world of colors üé® Letting my creativity flow and painting my imagination. Art is therapy for the soul. #ArtisticFreedom"""
Instagram,Millennials & Gen Z,Lifestyle Inspiration,"""Living life one adventure at a time üåü Embracing spontaneity and creating memories that last a lifetime. #AdventureTime"""
Instagram,Millennials & Gen Z,Beauty Trends,"""Glowing from within ‚ú® Trying out the latest skincare routine and loving the results. Confidence starts with healthy skin. #Skincare"""
Instagram,Millennials & Gen Z,Behind-the-Scenes,"""Peek behind the curtain üé¨ Capturing moments from the set of our latest project. Exciting things coming soon! #BTS"""
Instagram,Millennials & Gen Z,Creative Vibes,"""Diving into the world of imagination üåà Exploring different mediums and letting my creativity run wild. #CreativeFlow"""
Instagram,Millennials & Gen Z,Travel Diaries,"""Chasing sunsets and capturing memories üåÖ Sharing snapshots from my recent getaway. Adventure is out there! #SunsetVibes"""
Instagram,Millennials & Gen Z,Fashion Inspiration,"""Making a statement with bold prints and vibrant colors üí´ Stepping out of my comfort zone and embracing my unique style. #Fashionista"""
Instagram,Millennials & Gen Z,Foodie Delight,"""Savoring every bite of this delectable treat üç∞ Nothing beats homemade desserts on a cozy evening. #SweetTooth"""
Instagram,Millennials & Gen Z,Fitness Motivation,"""Pushing through the pain to reach new heights üèãÔ∏è‚Äç‚ôÄÔ∏è Consistency is key to unlocking your full potential. #FitnessGoals"""
Instagram,Millennials & Gen Z,Artistic Expression,"""In love with the beauty of nature üåø Sketching the serene landscapes and capturing the essence of tranquility. #NatureSketch"""
Instagram,Millennials & Gen Z,Lifestyle Inspiration,"""Embracing the simple joys of life üíï Taking time to appreciate the little moments that make life beautiful. #SimplePleasures"""
Instagram,Millennials & Gen Z,Beauty Trends,"""Experimenting with bold makeup looks üíÑ Adding a pop of color to brighten up the day. Confidence is the best accessory. #MakeupGoals"""
Instagram,Millennials & Gen Z,Behind-the-Scenes,"""Lights, camera, action! üì∏ Sharing a sneak peek into the creative process behind our latest photoshoot. #BehindTheScenes"""
Instagram,Millennials & Gen Z,Creative Vibes,"""Getting lost in the world of imagination ‚ú® Letting my creativity flow and turning dreams into reality. #DreamBig"""
Instagram,Millennials & Gen Z,Travel Diaries,"""Exploring hidden gems and capturing memories üåç Sharing snapshots from my recent adventure. Wanderlust never fades. #ExploreMore"""
Instagram,Millennials & Gen Z,Fashion Inspiration,"""Dressing to express, not to impress üíÅ‚Äç‚ôÄÔ∏è Mixing and matching styles to create a look that's uniquely mine. #FashionForward"""
Instagram,Millennials & Gen Z,Foodie Delight,"""Indulging in a feast for the senses üçú Exploring exotic flavors and culinary delights from around the world. #FoodExploration"""
Instagram,Millennials & Gen Z,Fitness Motivation,"""Embracing the grind and pushing past my limits üí• Every drop of sweat brings me closer to my goals. #FitnessJourney"""
Instagram,Millennials & Gen Z,Artistic Expression,"""Diving into the world of abstract art üé® Channeling my emotions onto the canvas and letting creativity flow freely. #AbstractArt"""
Instagram,Millennials & Gen Z,Lifestyle Inspiration,"""Cherishing the moments that matter most üíñ Surrounding myself with positivity and gratitude. #GratefulHeart"""
Instagram,Millennials & Gen Z,Beauty Trends,"""Playing with pastel hues and soft glam ‚ú® Channeling my inner goddess with the latest makeup trends. #GlowUp"""
Instagram,Millennials & Gen Z,Behind-the-Scenes,"""Capturing candid moments behind the lens üì∑ Sharing a glimpse into the making of our latest photo shoot. #BehindTheScenes"""
Instagram Reels,"Foodies, Gen Z","Entertainment, Trend","Short recipe video with a fun song overlay. Show a time-lapse of you prepping ingredients or the final plating. Caption: ""Made this [dish name] in under 10 minutes! Perfect for a busy weeknight. #easyrecipes #foodielife"""
Instagram Stories,"Travel enthusiasts, Millennials","Inspiration, Travel tips","Post a series of stories showcasing a day trip to a nearby location. Highlight unique experiences and hidden gems. Caption: ""[City name] in a day! Swipe up for my travel guide!"""
Instagram Photo,"Fashion lovers, Millennials","Style inspiration, Collaboration","Outfit post featuring a trendy accessory from a partnered brand. Capture a creative flatlay or mirror selfie. Caption: ""Loving the statement earrings from @[brand]! Adding a pop of color to my [season] look. #OOTD #sponsored"""
Instagram Reels,"DIY enthusiasts, Gen Z","Inspiration, Tutorial","Short video tutorial for a trendy DIY project. Use upbeat music and clear close-up shots. Caption: ""DIY [project name] - it's easier than you think! Full tutorial with supplies in the description. #diylife #getcrafty"""
Instagram Photo,"Music lovers, Gen Z","Entertainment, Community","Photo at a concert with friends, holding up your phone flashlights. Use concert filters and trending hashtags. Caption: ""Living it up at the [artist name] concert! #fangirling #concertlife"""
Instagram Stories,"Beauty enthusiasts, Gen Z","Product review, Trend","Unboxing video of a new beauty product with close-up shots of the packaging and swatches. Use interactive stickers for viewers to ask questions. Caption: ""Just got my hands on the new [product name]! What do you guys want to see first?"""
Instagram Photo,"Pet owners, Millennials","Entertainment, Community","Funny photo of your pet doing something relatable. Add a fun caption and relevant pet hashtags. Caption: ""When Mondays hit you a little too hard. #petlife #relatable"""
Instagram Reels,"Gamers, Gen Z","Entertainment, Challenge","Short clip of a funny or impressive gaming moment. Encourage viewers to share their best gameplay with a specific hashtag. Caption: ""Nailed this clutch shot! Let's see your best gaming skills with #GamerChallenge"""
Instagram Photo,"Minimalist enthusiasts, Millennials","Inspiration, Home decor","A photo of your clean and organized workspace with calming neutral tones. Use minimalist hashtags and aesthetic editing. Caption: ""Creating a calm and productive atmosphere for the week ahead. #minimalism #workfromhome"""
Instagram Stories,"Mental health advocates, Gen Z","Community, Awareness","Share a motivational quote or self-care tip for mental health. Encourage viewers to share their own experiences and resources. Caption: ""Just a reminder: you're not alone. Let's prioritize our mental health today! #selfcare #mentalhealthawareness"""
Instagram,Millennials & Gen Z,Travel Inspiration,"""Exploring the breathtaking landscapes of [Destination] üèûÔ∏è Embarking on adventures that fuel my wanderlust soul. #TravelDiaries"""
Instagram,Millennials & Gen Z,Fashion Inspiration,"""Elevating my street style game with chic urban vibes üåÜ Mixing high and low fashion for a look that's effortlessly cool. #StreetStyle"""
Instagram,Millennials & Gen Z,Foodie Delight,"""Indulging in a symphony of flavors and textures at [Restaurant Name] üçΩÔ∏è From savory to sweet, every bite is a culinary masterpiece."""
Instagram,Millennials & Gen Z,Fitness Motivation,"""Breaking a sweat and pushing past my limits at the gym üí¶ One rep closer to my fitness goals. #WorkoutMotivation"""
Instagram,Millennials & Gen Z,Artistic Expression,"""Channeling my inner Picasso with bold strokes and vibrant colors üé® Art is my therapy, my escape, my passion. #ArtisticJourney"""
Instagram,Millennials & Gen Z,Lifestyle Inspiration,"""Savoring the simple joys of life: a good book, a warm cup of coffee, and the company of loved ones. ‚òïÔ∏è #SimplePleasures"""
Instagram,Millennials & Gen Z,Beauty Trends,"""Experimenting with holographic makeup for a touch of ethereal glamour ‚ú® Stepping into a world of fantasy and self-expression. #HoloMagic"""
Instagram,Millennials & Gen Z,Behind-the-Scenes,"""From concept to creation: witnessing the magic unfold behind the lens üì∏ Peek behind the curtain of our latest photo shoot. #BTS"""
Instagram,Millennials & Gen Z,Creative Vibes,"""Letting my imagination run wild with whimsical doodles and dreamy illustrations üåà Embracing creativity in its purest form. #DreamBig"""
Instagram,Millennials & Gen Z,Travel Diaries,"""Chasing sunsets and capturing memories around the globe üåÖ Sharing snippets of my wanderlust adventures. #SunsetChaser"""
Instagram,Millennials & Gen Z,Fashion Inspiration,"""Playing with patterns and textures to create a look that's uniquely mine üåü Fashion is my canvas, and I'm the artist. #Fashionista"""
Instagram,Millennials & Gen Z,Foodie Delight,"""Embarking on a culinary journey through the vibrant flavors of [City Name] üç≤ Every dish tells a story, and I'm here to savor it all. #FoodieAdventures"""
Instagram,Millennials & Gen Z,Fitness Motivation,"""Embracing the grind and celebrating the journey to a stronger, healthier me üí™ Every sweat session brings me closer to my goals. #FitnessJourney"""
Instagram,Millennials & Gen Z,Artistic Expression,"""Finding beauty in imperfection and embracing the chaos of creation üé® Art is my sanctuary, my solace, my sanctuary. #ArtisticFreedom"""
Instagram,Millennials & Gen Z,Lifestyle Inspiration,"""Living in the moment and cherishing every little joy that life brings my way ‚ú® Here's to finding happiness in the ordinary. #LifeIsBeautiful"""
Instagram,Millennials & Gen Z,Beauty Trends,"""Exploring the latest makeup trends and playing with colors that speak to my soul üåà Makeup is my art, my passion, my self-expression. #MakeupMagic"""
Instagram,Millennials & Gen Z,Behind-the-Scenes,"""From sketches to stitches: a glimpse into the making of my latest fashion collection üëó Follow along as we bring dreams to life. #FashionBehindTheScenes"""
Instagram,Millennials & Gen Z,Creative Vibes,"""Diving into the depths of my imagination and turning dreams into reality, one brushstroke at a time üåü Welcome to my creative universe. #CreativeJourney"""
Instagram,Millennials & Gen Z,Travel Diaries,"""Capturing moments of wonder and awe as I explore the beauty of [Destination] üåç Join me on this adventure of a lifetime. #TravelInspiration"""
Instagram,Millennials & Gen Z,Blogger Spotlight,"""Diving into the world of fashion with [Influencer Name] üåü Get inspired by their signature style and fashion-forward looks. #FashionInfluencer"""
Instagram,Millennials & Gen Z,Influencer Collaboration,"""Exciting news! I'll be teaming up with [Brand Name] to bring you exclusive content and special offers. Stay tuned for updates! #Collaboration"""
Instagram,Millennials & Gen Z,Lifestyle Vlogs,"""Join me on my latest adventure as I explore the hidden gems of [Destination] üåç Follow along for travel tips, food finds, and more! #VlogLife"""
Instagram,Millennials & Gen Z,Beauty Influencer Tutorial,"""Unlocking the secrets to flawless makeup with [Influencer Name] üíÑ Learn step-by-step techniques and beauty hacks for a glam look. #MakeupTutorial"""
Instagram,Millennials & Gen Z,Fitness Influencer Challenge,"""Ready to crush your fitness goals with me? Join the #FitFam challenge and let's sweat it out together! Workouts, nutrition tips, and more. üí™"""
Instagram,Millennials & Gen Z,Lifestyle Influencer Q&A,"""Curious about life behind the lens? Join me for a live Q&A session where I'll be answering your burning questions about blogging, travel, and more! üé•"""
Instagram,Millennials & Gen Z,Foodie Influencer Recipe,"""Whipping up a storm in the kitchen with [Influencer Name] üç≥ Get ready for some mouth-watering recipes and culinary adventures. #FoodieFriday"""
Instagram,Millennials & Gen Z,Travel Influencer Adventure,"""Embarking on a journey of discovery with [Influencer Name] ‚úàÔ∏è Follow along as we explore new destinations and make unforgettable memories. #TravelGoals"""
Instagram,Millennials & Gen Z,Fashion Influencer Lookbook,"""Stepping into the season with style inspo from [Influencer Name] üë† Discover the latest trends and fashion must-haves for every occasion. #StyleIcon"""
Instagram,Millennials & Gen Z,Beauty Influencer Product Review,"""Putting new beauty products to the test with [Influencer Name] üíã Honest reviews, swatches, and first impressions. #BeautyReview"""
Instagram,Millennials & Gen Z,Fitness Influencer Motivation,"""Striving for progress, not perfection üí™ Join me for daily workouts, fitness tips, and motivational quotes to keep you inspired and on track. #FitLife"""
Instagram,Millennials & Gen Z,Lifestyle Influencer Diary,"""Sharing snippets of my day-to-day adventures and musings ‚ú® From coffee dates to work meetings, join me on this journey we call life. #DailyLife"""
Instagram,Millennials & Gen Z,Foodie Influencer Food Diary,"""Taking you on a culinary tour of the world, one bite at a time üçΩÔ∏è Follow along as I indulge in delicious dishes and share my foodie adventures. #FoodDiaries"""
Instagram,Millennials & Gen Z,Travel Influencer Wanderlust,"""Fueling my wanderlust with breathtaking views and unforgettable experiences üåç Join me on my quest to explore the wonders of the world. #Wanderlust"""
Instagram,Millennials & Gen Z,Fashion Influencer Closet Tour,"""Stepping inside my fashion sanctuary with [Influencer Name] üëó Discover closet organization tips, style hacks, and wardrobe essentials. #ClosetGoals"""
Instagram,Millennials & Gen Z,Beauty Influencer Makeup Look,"""Unleashing my creativity with a bold and glamorous makeup look üíÑ Join me as I play with colors and express my unique style. #MakeupInspo"""
Instagram,Millennials & Gen Z,Fitness Influencer Transformation,"""From self-doubt to self-love: my fitness journey revealed üíñ Sharing my transformation story and empowering others to embrace their strength. #FitnessInspiration"""
Instagram,Millennials & Gen Z,Lifestyle Influencer Adventures,"""Embracing life's adventures with open arms and an open heart ‚ú® Join me as I seek out new experiences and create lasting memories. #AdventureTime"""
Instagram,Millennials & Gen Z,Foodie Influencer Cooking Class,"""Calling all foodies! Join me for a virtual cooking class where we'll whip up delicious dishes and share our love for all things culinary. #CookingWithChef"""
Instagram,Millennials & Gen Z,Travel Influencer Bucket List,"""Dreaming of far-off destinations and epic adventures üåü Check out my travel bucket list and start planning your next getaway! #BucketList"""
Instagram,Millennials & Gen Z,Fashion Influencer Style Tips,"""Elevate your wardrobe with insider style secrets and fashion hacks from [Influencer Name] üëó Get ready to slay in every outfit! #StyleTips"""
Instagram,Millennials & Gen Z,Beauty Influencer Skincare Routine,"""Unlock the secret to radiant skin with my daily skincare routine üí´ From cleansers to serums, discover the products that keep my complexion glowing. #SkincareSecrets"""
Instagram,Millennials & Gen Z,Fitness Influencer Challenge,"""Join the #FitChallenge and transform your body and mind in just [Number] weeks! Daily workouts, meal plans, and motivation to help you reach your goals. üí™"""
Instagram,Millennials & Gen Z,Scenic Splendor,"""Lost in a sea of colors üåà Nature's palette never fails to amaze me. #NatureLover #ScenicViews"""
Instagram,Millennials & Gen Z,Urban Jungle Vibes,"""Exploring the concrete jungle one street at a time üèôÔ∏è Every corner tells a story. #CityLife"""
Instagram,Millennials & Gen Z,Ethereal Elegance,"""Dancing with the clouds ‚òÅÔ∏è Embracing the serenity of the sky. #Cloudscape"""
Instagram,Millennials & Gen Z,Serene Symmetry,"""Finding beauty in simplicity ‚ú® Sometimes, all it takes is a straight line. #Minimalist"""
Instagram,Millennials & Gen Z,Sunset Serenade,"""Chasing sunsets and catching dreams üåÖ Every sunset is a reminder of new beginnings. #GoldenHour"""
Instagram,Millennials & Gen Z,Vintage Vibes,"""Stepping back in time and embracing the nostalgia of yesteryears üï∞Ô∏è Old is gold. #VintageLife"""
Instagram,Millennials & Gen Z,Dreamy Destinations,"""Wanderlust dreams and passport stamps ‚úàÔ∏è Adventure awaits at every turn. #TravelDreams"""
Instagram,Millennials & Gen Z,Floral Fantasy,"""Blooming into beauty üå∏ Nature's artwork never ceases to amaze. #FlowerPower"""
Instagram,Millennials & Gen Z,Moody Monochrome,"""Lost in shades of black and white üñ§ Timeless elegance in a world of contrasts. #MonochromeMagic"""
Instagram,Millennials & Gen Z,Whimsical Wanderlust,"""Chasing dreams and catching flights ‚ú® The world is my playground. #Wanderlust"""
Instagram,Millennials & Gen Z,Coastal Charm,"""Salt in the air, sand in my hair üåä Embracing the tranquil vibes of the coast. #BeachLife"""
Instagram,Millennials & Gen Z,Rustic Retreat,"""Finding solace in the simplicity of country living üåæ Embracing the rustic charm of the countryside. #RuralLife"""
Instagram,Millennials & Gen Z,Starry Nights,"""Underneath the stars, we're all dreamers ‚ú® Gazing up at the endless expanse of the night sky. #StarryNight"""
Instagram,Millennials & Gen Z,Ethereal Enchantment,"""Lost in a world of magic and mystery üåü Every moment is a chance to believe in the extraordinary. #Enchanted"""
Instagram,Millennials & Gen Z,Tropical Paradise,"""Living the island life one palm tree at a time üå¥ Swaying to the rhythm of the ocean breeze. #TropicalVibes"""
Instagram,Millennials & Gen Z,Urban Exploration,"""Lost in the maze of city streets and neon lights üåÉ Every corner holds a new adventure. #UrbanExploration"""
Instagram,Millennials & Gen Z,Mountain Majesty,"""Reaching new heights and chasing panoramic views üèîÔ∏è The mountains are calling, and I must go. #MountainLife"""
Instagram,Millennials & Gen Z,Tranquil Tranquility,"""Serenity found in the stillness of the morning mist ‚òÅÔ∏è A moment of peace in a chaotic world. #Tranquility"""
Instagram,Millennials & Gen Z,Dreamy Drift,"""Drifting through clouds and floating on dreams ‚òÅÔ∏è Where reality ends and imagination begins. #Cloud9"""
Instagram,Millennials & Gen Z,Boho Chic,"""Embracing free-spirited vibes and eclectic aesthetics üåª Living life with wild hearts and open minds. #BohoLife"""
Instagram,Millennials & Gen Z,Neon Nights,"""Dancing under neon lights and painting the town bright üåà The city comes alive after dark. #NightLife"""
Instagram,Millennials & Gen Z,Coastal Calm,"""Sailing into the sunset and letting the ocean breeze carry me away üåä Finding peace in the rhythm of the waves. #CoastalLiving"""
Instagram,Millennials & Gen Z,Cityscape Splendor,"""Concrete jungles and skyscraper dreams üèôÔ∏è Every skyline tells a story of ambition and innovation. #CityLights"""
Instagram,Millennials & Gen Z,Earthy Elegance,"""Rooted in nature and grounded in grace üåø Finding beauty in the simplicity of natural wonders. #EarthyVibes"""
Instagram,Millennials & Gen Z,Sunset Soiree,"""Basking in the golden glow of the setting sun üåÖ Every sunset is a promise of a new dawn. #SunsetMagic"""
Instagram,Millennials & Gen Z,Retro Revival,"""Channeling retro vibes and vintage flair into modern-day adventures üìª Bringing the past to life, one moment at a time. #RetroLife"""
Instagram,Millennials & Gen Z,Pastel Paradise,"""Lost in a world of pastel dreams and cotton candy skies üç¨ Where every moment is as sweet as sugar. #PastelLove"""
Instagram,Millennials & Gen Z,Enchanted Forest,"""Wandering through whispering woods and mystical groves üå≤ Nature's sanctuary, where magic resides. #ForestWhispers"""
Instagram,Celebrities,Lifestyle Update,"""Jet-setting to my next destination ‚úàÔ∏è Excited for the adventures that await! #TravelDiaries"""
Instagram,Celebrities,Behind-the-Scenes,"""On set, bringing [Character Name] to life üé¨ Can't wait for you all to see the magic we're creating. #BTS"""
Instagram,Celebrities,Personal Milestone,"""Celebrating [Number] million followers with gratitude and love ‚ù§Ô∏è Thank you for your endless support! #MilestoneMoment"""
Instagram,Celebrities,Fashion Showcase,"""Stepping out in style for [Event Name] üíÉ Thank you to my glam team for making me red carpet-ready! #FashionIcon"""
Instagram,Celebrities,Philanthropy Efforts,"""Joining hands with [Charity Organization] to make a difference in the world üåç Every donation counts! #GivingBack"""
Instagram,Celebrities,Workout Inspiration,"""Getting my sweat on and feeling the burn üî• Fitness is a journey, not a destination. #FitLife"""
Instagram,Celebrities,Throwback Thursday,"""Taking it back to where it all began üì∏ Grateful for every moment of this incredible journey. #TBT"""
Instagram,Celebrities,Inspirational Quote,"""Believe in the power of your dreams and watch miracles unfold ‚ú® Keep striving for greatness, my friends. #DreamBig"""
Instagram,Celebrities,Pet Love,"""Introducing the newest member of our family: meet [Pet Name] üêæ Can't wait for all the adventures ahead! #FurBaby"""
Instagram,Celebrities,Vacation Vibes,"""Soaking up the sun and embracing island life üå¥ Living my best life one beach day at a time. #VacationMode"""
Instagram,Celebrities,Foodie Adventures,"""Indulging in a culinary feast fit for royalty üçΩÔ∏è From gourmet dishes to sweet treats, every bite is a delight! #FoodieLife"""
Instagram,Celebrities,Artistic Expression,"""Losing myself in the world of colors and creativity üé® Art has a way of speaking to the soul like nothing else. #ArtisticJourney"""
Instagram,Celebrities,Family Time,"""Cherishing precious moments with loved ones üíï Family is everything. #QualityTime"""
Instagram,Celebrities,Self-Care Day,"""Taking time to pamper myself and recharge my soul üíÜ‚Äç‚ôÄÔ∏è Remember to prioritize self-care, my loves. #SelfLove"""
Instagram,Celebrities,Music Release,"""Exciting news! My new single [Song Title] is out now üé∂ Stream it on all platforms and let's spread some good vibes! #NewMusic"""
Instagram,Celebrities,Fashion Collaboration,"""Teaming up with [Designer Name] for a special collection launch üåü Can't wait for you all to see what we've been working on! #FashionCollab"""
Instagram,Celebrities,Inspirational Moment,"""In a world full of darkness, be the light that shines bright ‚ú® Sending love and positivity to all my followers. #SpreadLove"""
Instagram,Celebrities,Movie Premiere,"""Walking the red carpet for the premiere of [Movie Title] üé• Grateful to be part of such an incredible project. #MoviePremiere"""
Instagram,Celebrities,Travel Inspiration,"""Exploring the beauty of [Destination] and falling in love with every corner of this enchanting city üèôÔ∏è #TravelInspiration"""
Instagram,Celebrities,Fashion Runway,"""Strutting my stuff on the runway for [Fashion Designer] ‚ú® Honored to showcase their latest collection. #FashionShow"""
Instagram,Celebrities,Charity Event,"""An evening of glamour and giving back at the [Charity Gala] ‚ú® Proud to support such an important cause. #CharityEvent"""
Instagram,Celebrities,Fitness Journey,"""From struggle to strength: my fitness journey in pictures üí™ Never underestimate the power of resilience. #FitnessTransformation"""
Instagram,Celebrities,Inspirational Message,"""The greatest glory in living lies not in never falling, but in rising every time we fall. - [Quote Author] #StayStrong"""
Instagram,Celebrities,Pet Adoption Drive,"""Join me in giving homeless pets a second chance at love and happiness üê∂ Together, we can make a difference. #AdoptDontShop"""
Instagram,Celebrities,Nature Escapade,"""Finding peace and serenity in the embrace of Mother Nature üåø Let's protect and preserve our planet for generations to come. #NatureLove"""
Instagram,Celebrities,Red Carpet Glamour,"""Slaying the red carpet in a gown fit for royalty üëë Thank you to my glam squad"
Instagram,Professionals,Career Insights,"""Unlocking the secrets to success in [Industry] üöÄ Join me for exclusive career insights, industry trends, and expert advice. #CareerGrowth"""
Instagram,Professionals,Professional Development,"""Investing in continuous learning and growth üí° Stay ahead of the curve with my top tips for professional development. #LifelongLearning"""
Instagram,Professionals,Industry Expertise,"""Sharing my expertise on [Topic] and navigating the ever-changing landscape of [Industry] üîç Join the conversation and expand your knowledge. #ExpertInsights"""
Instagram,Professionals,Networking Opportunities,"""Connecting with like-minded professionals and building meaningful relationships in [Industry] ü§ù Join me for networking events and industry meetups. #Networking"""
Instagram,Professionals,Thought Leadership,"""Exploring the future of [Industry] and driving innovation through thought leadership and strategic insights. Join the conversation. #ThoughtLeadership"""
Instagram,Professionals,Career Milestones,"""Celebrating [Number] years of dedication, growth, and success in [Industry] üéâ Grateful for the journey and excited for what's to come. #MilestoneMoment"""
Instagram,Professionals,Industry News Updates,"""Staying informed with the latest news and developments in [Industry] üì∞ Dive deeper into the trends shaping our industry's future. #IndustryInsights"""
Instagram,Professionals,Skill Development,"""Mastering new skills and honing my craft in [Area/Field] üí™ From workshops to online courses, never stop learning and growing. #SkillDevelopment"""
Instagram,Professionals,Personal Branding,"""Crafting a compelling personal brand that sets me apart in [Industry] üíº Sharing tips and strategies for building your brand presence. #PersonalBranding"""
Instagram,Professionals,Mentorship & Guidance,"""Paying it forward with mentorship and guidance for aspiring professionals in [Industry] üåü Together, we can achieve greatness. #MentorshipMatters"""
Instagram,Professionals,Industry Insights,"""Delving into the latest trends and insights shaping the future of [Industry] üìä Join the conversation and stay ahead of the curve. #IndustryInsights"""
Instagram,Professionals,Workplace Culture,"""Exploring the dynamics of workplace culture and fostering a positive and inclusive environment for all üíº #WorkplaceCulture"""
Instagram,Professionals,Leadership Development,"""Empowering the next generation of leaders with actionable strategies and insights for leadership development. #LeadershipJourney"""
Instagram,Professionals,Business Networking,"""Expanding my professional network and forging meaningful connections with industry peers and leaders. Let's connect! #BusinessNetworking"""
Instagram,Professionals,Success Stories,"""Sharing success stories and lessons learned from the journey to achieving greatness in [Industry]. #SuccessStory"""
Instagram,Professionals,Industry Trends,"""Spotting emerging trends and opportunities in [Industry] and predicting what's next on the horizon. #TrendSpotting"""
Instagram,Professionals,Continuing Education,"""Investing in lifelong learning and staying updated with the latest advancements in [Industry]. #ContinuingEducation"""
Instagram,Professionals,Career Advancement,"""Charting a path to success and unlocking new opportunities for career advancement in [Industry]. #CareerAdvancement"""
Instagram,Professionals,Work-Life Balance,"""Balancing career aspirations with personal well-being and finding harmony in work and life. #WorkLifeBalance"""
Instagram,Professionals,Workplace Productivity,"""Boosting productivity and efficiency in the workplace with actionable tips and strategies. #ProductivityHacks"""
Instagram,Professionals,Industry Insights,"""Gaining insights into the latest trends, challenges, and opportunities shaping the future of [Industry]. #IndustryInsights"""
Instagram,Professionals,Professional Growth,"""Committing to continuous growth and development in [Industry] through learning, experience, and mentorship. #ProfessionalGrowth"""
Instagram,Professionals,Career Transition,"""Navigating career transitions with confidence and resilience, embracing new challenges and opportunities. #CareerTransition"""
Instagram,Professionals,Personal Development,"""Investing in personal growth and self-improvement to unlock your full potential in both career and life. #PersonalDevelopment"""
Instagram,Professionals,Work Ethics,"""Upholding integrity, professionalism, and ethical standards in the workplace. #WorkEthics"""
Instagram,Professionals,Career Exploration,"""Exploring diverse career paths and opportunities in [Industry], finding your passion and purpose. #CareerExploration"""
Instagram,Professionals,Professional Networking,"""Building a strong professional network and cultivating meaningful relationships for career growth and opportunities. #Networking"""
Instagram,Professionals,Industry Leadership,"""Taking the lead and driving change in [Industry], shaping the future of our profession. #IndustryLeadership"""
Instagram,Professionals,Career Insights,"""Sharing actionable insights and strategies for career success in [Industry], empowering professionals to thrive. #CareerInsights"""
Instagram,Professionals,Business Innovation,"""Embracing innovation and creativity to drive business growth and success in [Industry]. #BusinessInnovation"""
Instagram,Professionals,Career Development,"""Investing in your professional growth and development journey, one step at a time. #CareerDevelopment"""
Instagram,Gen Z,Creative Expression,"""Diving into the world of digital art üé® Let your imagination run wild and create something truly unique. #DigitalArt #CreativeExpression"""
Instagram,Gen Z,Youth Activism,"""Raising our voices for change and making a difference in the world üåç Together, we can create a brighter future. #YouthActivism"""
Instagram,Gen Z,Mental Health Awareness,"""Breaking the stigma surrounding mental health and opening up the conversation. You are not alone. #MentalHealthAwareness"""
Instagram,Gen Z,DIY Projects,"""Get crafty with DIY projects that add a personal touch to your space. Let's get creative! #DIY #Crafting"""
Instagram,Gen Z,Sustainability,"""Living sustainably and reducing our carbon footprint for a greener future. Every small action makes a big difference. #Sustainability"""
Instagram,Gen Z,Self-Care Tips,"""Prioritizing self-care and finding balance in a hectic world. Remember to take time for yourself. #SelfCare"""
Instagram,Gen Z,Fashion Trends,"""Stepping into the latest fashion trends and expressing our unique style. #FashionForward #Trendsetter"""
Instagram,Gen Z,Music Discovery,"""Discovering new beats and tunes that speak to our souls. What's on your playlist? #MusicDiscovery #GenZTunes"""
Instagram,Gen Z,Tech Innovations,"""Exploring the latest tech innovations and how they're shaping our future. #TechTrends #InnovationNation"""
Instagram,Gen Z,Diversity & Inclusion,"""Celebrating diversity and fostering inclusion in all aspects of life. Together, we're stronger. #DiversityAndInclusion"""
Instagram,Gen Z,Gaming Community,"""Joining the gaming community and connecting with fellow gamers. Let's level up together! üéÆ #GamingCommunity"""
Instagram,Gen Z,Travel Adventures,"""Embarking on epic adventures and exploring new horizons. Where to next? #Wanderlust #TravelAdventures"""
Instagram,Gen Z,Pop Culture Trends,"""Keeping up with the latest pop culture trends and memes. What's hot right now? #PopCulture #Trending"""
Instagram,Gen Z,Educational Content,"""Learning something new every day and expanding our knowledge horizons. #LearningIsFun #GenZEducation"""
Instagram,Gen Z,Fitness Challenges,"""Taking on fitness challenges and pushing our limits. Let's sweat it out together! üí™ #FitnessChallenge"""
Instagram,Gen Z,Artistic Creations,"""Sharing our artistic creations and inspiring others to unleash their creativity. #ArtisticExpression #GenZArt"""
Instagram,Gen Z,Social Justice,"""Fighting for equality, justice, and human rights. Together, we can create a more just world. #SocialJustice"""
Instagram,Gen Z,Sustainable Fashion,"""Styling sustainable fashion looks that are good for the planet and stylish too. #SustainableFashion #EcoStyle"""
Instagram,Gen Z,Mental Wellness,"""Prioritizing mental wellness and destigmatizing mental health struggles. You are not alone. #MentalWellness"""
Instagram,Gen Z,DIY Projects,"""Getting hands-on with DIY projects and unleashing our creativity. Let's craft something amazing! #DIYProjects #CreativeGenZ"""
Instagram,Gen Z,Environmental Activism,"""Taking action for a cleaner, greener planet. Every small change makes a big difference. #EnvironmentalActivism"""
Instagram,Gen Z,Mindfulness & Meditation,"""Practicing mindfulness and finding peace in the present moment. Breathe, relax, and let go. #Mindfulness #Meditation"""
Instagram,Gen Z,Street Fashion,"""Rocking street-style looks that reflect our individuality and attitude. #StreetStyle #UrbanFashion"""
Instagram,Gen Z,Music Exploration,"""Exploring diverse music genres and expanding our sonic horizons. What's your favorite genre? #MusicExploration"""
Instagram,Gen Z,Tech Trends,"""Geeking out over the latest tech trends and innovations. What's the next big thing? #TechTrends #FutureTech"""
Instagram,Gen Z,Internet Culture,"""Diving into internet culture and laughing at the latest memes and trends. #InternetCulture #MemeLife"""
Instagram,Gen Z,Gaming Community,"""Connecting with fellow gamers and sharing epic gaming moments. Let's team up and dominate the leaderboard! #GamingCommunity"""
Instagram,Gen Z,Adventure Seekers,"""Embracing adventure and seeking thrills in the great outdoors. Life's too short to stay indoors. #AdventureAwaits #OutdoorExploration"""
Instagram,Gen Z,Adventure Seekers,"""Chasing sunsets and adrenaline rushes in the great outdoors. Life's an adventure waiting to be explored. #AdventureSeekers"""
Instagram,Millennials & Gen Z,Throwback Thursday,"""Reminiscing on cherished memories and unforgettable moments. Here's to the good old days. #ThrowbackThursday"""
Instagram,Professionals,Monday Motivation,"""Starting the week on a positive note with a fresh perspective and renewed energy. Let's crush those goals! #MondayMotivation"""
Instagram,Gen Z,Wellness Wednesdays,"""Nourishing my mind, body, and soul with self-care rituals and holistic wellness practices. #WellnessWednesday"""
Instagram,Millennials & Gen Z,Wanderlust Wednesdays,"""Indulging my wanderlust cravings with dreamy destinations and travel inspiration. Where to next? #WanderlustWednesday"""
Instagram,Professionals,Thoughtful Thursdays,"""Reflecting on the week's accomplishments, challenges, and lessons learned. Growth happens one step at a time. #ThoughtfulThursday"""
Instagram,Gen Z,Foodie Fridays,"""Embarking on culinary adventures and savoring every bite of delicious delights. Food is love. #FoodieFriday"""
Instagram,Millennials & Gen Z,Selfie Saturday,"""Capturing moments of joy and self-expression with a perfect selfie. Confidence is key. #SelfieSaturday"""
Instagram,Professionals,Spotlight Sundays,"""Shining a light on inspiring individuals and their remarkable achievements. Every success story deserves recognition. #SpotlightSunday"""
Instagram,Gen Z,Sunday Funday,"""Unwinding and embracing the joy of leisurely Sundays with friends, laughter, and good vibes. #SundayFunday"""
Twitter,Journalists,Breaking News,"""BREAKING: A massive wildfire has erupted in [Location], prompting evacuations. Stay tuned for updates. #BreakingNews #Wildfire"""
Twitter,Politicians,Policy Announcement,"""Proud to announce new legislation aimed at improving access to healthcare for underserved communities. #HealthcareForAll #PolicyChange"""
Twitter,Celebrities,Personal Update,"""Just wrapped up filming for my upcoming movie! Can't wait for you all to see it. Stay tuned for more updates. üé¨ #ExcitingTimes"""
Twitter,Professionals,Industry Insights,"""Exploring the latest trends in AI and machine learning at the #TechSummit. Stay ahead of the curve with cutting-edge insights."""
Twitter,Activists,Social Justice,"""Standing in solidarity with marginalized communities fighting for justice and equality. Together, we can make a difference. #Equality"""
Twitter,Influencers,Product Promotion,"""Excited to launch my new skincare line! Say hello to glowing skin with #RadianceBy[Brand]. Shop now and get 20% off. #SkincareRoutine"""
Twitter,Everyday Users,Memes & Humor,"""Me trying to keep up with all the latest social media trends like... üòÖ #Relatable #SocialMediaStruggles"""
Twitter,Journalists,Investigative Reporting,"""Uncovering the truth behind corporate corruption: a deep dive into the financial dealings of [Company]. #InvestigativeJournalism"""
Twitter,Politicians,Campaign Announcement,"""Thrilled to announce my candidacy for [Position]. Together, we can work towards a brighter future for all. #Campaign2024"""
Twitter,Celebrities,Charity Initiative,"""Join me in supporting [Charity Name] in their mission to provide clean water to communities in need. Every donation counts. #GiveBack"""
Twitter,Journalists,News Update,"""Breaking: New study reveals groundbreaking findings on climate change impacts. Stay tuned for more updates. #ClimateChange #Research"""
Twitter,Politicians,Policy Announcement,"""Today, I'm proud to announce new legislation aimed at improving healthcare access for all citizens. Together, we can build a healthier future. #HealthcareReform"""
Twitter,Celebrities,Personal Update,"""Just wrapped up filming on set for my latest project. Can't wait for you all to see it! #BehindTheScenes #FilmLife"""
Twitter,Professionals,Networking,"""Looking to connect with fellow professionals in the marketing industry. Let's exchange ideas and insights over a virtual coffee! #Networking #Marketing"""
Twitter,Activists,Social Justice,"""Standing in solidarity with marginalized communities fighting for justice and equality. Together, we can create lasting change. #SocialJustice #Equality"""
Twitter,Influencers,Content Promotion,"""Excited to share my latest blog post on sustainable living tips. Check it out and let me know your thoughts! #Sustainability #Blogging"""
Twitter,Everyday Users,Humor,"""Why did the scarecrow win an award? Because he was outstanding in his field! üòÑ #DadJokes #Puns"""
Twitter,Journalists,News Update,"""Latest polling data shows shifting trends in public opinion ahead of the upcoming election. Stay informed with our live coverage. #Election2024 #Polling"""
Twitter,Politicians,Policy Discussion,"""Joining the conversation on immigration reform. Looking forward to hearing diverse perspectives and finding common ground. #ImmigrationReform #Debate"""
Twitter,Celebrities,Fan Engagement,"""Shoutout to all my amazing fans! Your support means the world to me. Let's keep spreading love and positivity. #FanLove #Grateful"""
Twitter,Professionals,Industry Insights,"""New report highlights emerging trends in the technology sector. Exciting times ahead for innovation and growth. #TechTrends #IndustryInsights"""
Twitter,Activists,Awareness Campaign,"""Raising awareness about mental health struggles faced by millions worldwide. Let's break the silence and stigma together. #MentalHealthAwareness"""
Twitter,Influencers,Product Promotion,"""Excited to partner with [Brand] to launch their latest skincare line. Get ready to glow from within! ‚ú® #Sponsored #Skincare"""
Twitter,Everyday Users,Memes,"""Friday mood: insert GIF of dancing cat Who's ready for the weekend? #FridayFeeling #TGIF"""
Twitter,Journalists,Live Reporting,"""Live updates from the scene of the protest downtown. Stay tuned for firsthand accounts and eyewitness reports. #Protest #LiveReporting"""
Twitter,Politicians,Policy Announcement,"""Proposing new legislation to address climate change and protect our environment for future generations. #ClimateAction #Policy"""
Twitter,Celebrities,Charity Campaign,"""Join me in supporting [Charity Organization] in their mission to provide clean water to communities in need. Every donation makes a difference. #Charity"""
Twitter,Professionals,Thought Leadership,"""Sharing insights on the future of remote work and its impact on productivity and company culture. #RemoteWork #Leadership"""
Twitter,Activists,Advocacy,"""Calling on lawmakers to take urgent action to address systemic racism and injustice in our communities. #BlackLivesMatter #Advocacy"""
Twitter,Influencers,Event Promotion,"""Don't miss out on the upcoming webinar where I'll be sharing tips on building a successful online business. Register now! #Webinar #Entrepreneurship"""
Twitter,Everyday Users,Personal Updates,"""Just adopted a rescue puppy and my heart is full! Meet the newest member of the family. üêæ‚ù§Ô∏è #AdoptDontShop #RescueDog"""
Twitter,Journalists,Breaking News,"""Urgent: Massive wildfire outbreak reported in [Location]. Evacuation orders in place. Stay safe and follow local authorities' instructions. #Wildfire"""
Twitter,Politicians,Public Address,"""Addressing constituents on the importance of civic engagement and exercising their right to vote in the upcoming elections. #VotingMatters #CivicDuty"""
Twitter,Celebrities,Collaboration Teaser,"""Can't wait to share what we've been working on with [Fellow Celebrity]! Stay tuned for the big reveal. #Collaboration #ExcitingNews"""
Twitter,Professionals,Industry Discussion,"""Joining the conversation on AI and its potential impact on workforce automation. What are your thoughts on the future of work? #AI #FutureOfWork"""
Twitter,Activists,Community Organizing,"""Calling on volunteers to join us for a community cleanup event next weekend. Together, we can make a positive impact in our neighborhood. #Community"""
Twitter,Influencers,Giveaway Announcement,"""To celebrate reaching [Number] followers, I'm hosting a special giveaway! Follow and retweet for a chance to win exclusive prizes. #Giveaway #Win"""
Twitter,Everyday Users,Trending Topics,"""Jumping on the latest meme trend like: insert GIF Who else can relate? #Trending #Meme"""
Twitter,Journalists,Investigative Reporting,"""Uncovering corruption allegations against government officials. Stay tuned as we delve deeper into this developing story. #InvestigativeJournalism"""
Twitter,Politicians,Town Hall Meeting,"""Hosting a virtual town hall to address community concerns and answer questions from constituents. Your voice matters. #TownHall #CommunityEngagement"""
Twitter,Celebrities,Fan Interaction,"""Taking a trip down memory lane with fans and reminiscing about our favorite moments together. Share your favorite memories! #FanInteraction #Throwback"""
Twitter,Professionals,Webinar Announcement,"""Excited to announce our upcoming webinar on digital marketing strategies for small businesses. Register now! #Webinar #DigitalMarketing"""
Twitter,Activists,Grassroots Campaign,"""Launching a grassroots campaign to raise awareness and support for affordable housing initiatives. Join us in making a difference. #AffordableHousing"""
Twitter,Influencers,Sponsored Content,"""Partnering with [Brand] to promote their new skincare line. Tried and tested, it's officially part of my daily routine! #Sponsored #SkincareRoutine"""
Twitter,Everyday Users,Random Thoughts,"""Why do we park on driveways and drive on parkways? ü§î #RandomThoughts #MindBlown"""
Twitter,Journalists,Investigative Reporting,"""Breaking: New developments in the ongoing investigation into corporate fraud allegations. Stay tuned for exclusive updates. #CorporateFraud #Investigation"""
Twitter,Journalists,News Commentary,"""Analyzing the latest economic data and its implications for future market trends. Join the conversation and share your insights. #Economy #Analysis"""
Twitter,Politicians,Policy Debate,"""Engaging in a constructive debate on healthcare reform. Let's explore different perspectives and find common ground. #HealthcareDebate #Policy"""
Twitter,Celebrities,Fan Appreciation,"""Grateful for all the love and support from my amazing fans! You inspire me every day. Sending virtual hugs to each and every one of you. #FanLove"""
Twitter,Professionals,Knowledge Sharing,"""Sharing valuable insights on leadership and team management strategies. Let's learn and grow together. #LeadershipDevelopment #KnowledgeSharing"""
Twitter,Activists,Grassroots Activism,"""Calling on volunteers to join our community cleanup initiative. Together, we can make a tangible impact on the environment. #CommunityCleanup #Activism"""
Twitter,Influencers,Product Review,"""Just tried out the new [Product] and I'm impressed! Sharing my honest review and thoughts. #ProductReview #Influencer"""
Twitter,Everyday Users,Daily Musings,"""Why does the snooze button give you extra sleep, but the alarm clock steals it back? ü§î #MorningThoughts #LifeMysteries"""
Twitter,Journalists,Live Reporting,"""Live updates from the scene of the protest march. Follow along for real-time coverage and eyewitness accounts. #Protest #LiveReporting"""
Twitter,Politicians,Legislative Update,"""Proposed bill to enhance cybersecurity measures introduced in Congress. Prioritizing national security in the digital age. #Cybersecurity #Legislation"""
Twitter,Celebrities,Charity Fundraiser,"""Join me in supporting [Charity Organization] and making a difference in the lives of those in need. Every donation counts. #Charity #Fundraiser"""
Twitter,Professionals,Career Advice,"""Navigating the job market can be daunting. Here are some tips for acing your next job interview. #CareerAdvice #JobSeekers"""
Twitter,Activists,Social Awareness,"""Raising awareness about the importance of mental health support services in schools. Let's break the stigma and prioritize student well-being. #MentalHealth"""
Twitter,Influencers,Travel Experience,"""Just returned from an unforgettable adventure in [Destination]. Sharing my travel diary and recommendations. #TravelDiary #Wanderlust"""
Twitter,Everyday Users,Humorous Observations,"""Why do we call it a 'building' if it's already built? ü§î #LifeQuestions #RandomThoughts"""
Twitter,Journalists,Investigative Reporting,"""Uncovering corporate malpractice in the pharmaceutical industry. Stay informed as we dig deeper into this developing story. #CorporateEthics #Investigation"""
Twitter,Politicians,Town Hall Meeting,"""Hosting a virtual town hall to address constituents' concerns on environmental conservation efforts. Your input shapes policy decisions. #TownHall"""
Twitter,Celebrities,Fan Interaction,"""Taking a trip down memory lane with fans and reminiscing about our favorite moments together. Share your favorite memories! #FanInteraction #Throwback"""
Twitter,Professionals,Webinar Announcement,"""Excited to announce our upcoming webinar on digital marketing strategies for small businesses. Register now! #Webinar #DigitalMarketing"""
Twitter,Activists,Grassroots Campaign,"""Launching a grassroots campaign to raise awareness and support for affordable housing initiatives. Join us in making a difference. #AffordableHousing"""
Twitter,Influencers,Sponsored Content,"""Partnering with [Brand] to promote their new skincare line. Tried and tested, it's officially part of my daily routine! #Sponsored #SkincareRoutine"""
Twitter,Everyday Users,Random Thoughts,"""Why do we park on driveways and drive on parkways? ü§î #RandomThoughts #MindBlown"""
Twitter,Journalists,Investigative Reporting,"""Breaking: New developments in the ongoing investigation into corporate fraud allegations. Stay tuned for exclusive updates. #CorporateFraud #Investigation"""
Twitter,Politicians,Policy Announcement,"""Proposing new legislation to address climate change and protect our environment for future generations. #ClimateAction #Policy"""
Twitter,Celebrities,Collaboration Teaser,"""Can't wait to share what we've been working on with [Fellow Celebrity]! Stay tuned for the big reveal. #Collaboration #ExcitingNews"""
Twitter,Professionals,Industry Discussion,"""Joining the conversation on AI and its potential impact on workforce automation. What are your thoughts on the future of work? #AI #FutureOfWork"""
Twitter,Activists,Community Organizing,"""Calling on volunteers to join us for a community cleanup event next weekend. Together, we can make a positive impact in our neighborhood. #Community"""
Twitter,Influencers,Giveaway Announcement,"""To celebrate reaching [Number] followers, I'm hosting a special giveaway! Follow and retweet for a chance to win exclusive prizes. #Giveaway #Win"""
Twitter,Everyday Users,Trending Topics,"""Jumping on the latest meme trend like: insert GIF Who else can relate? #Trending #Meme"""
Twitter,Journalists,Investigative Reporting,"""Uncovering corruption allegations against government officials. Stay tuned as we delve deeper into this developing story. #Corruption #Investigation"""
Twitter,Politicians,Policy Discussion,"""Engaging in a constructive debate on immigration reform. Let's explore different perspectives and find common ground. #ImmigrationReform #Debate"""
Twitter,Journalists,News Update,"""New study reveals alarming trends in childhood obesity rates, sparking calls for action from healthcare experts. #ChildhoodObesity #Health"""
Twitter,Politicians,Policy Discussion,"""Discussing the potential impact of proposed tax reforms on small businesses and working families. What are your thoughts? #TaxReform #PolicyDebate"""
Twitter,Celebrities,Charity Campaign,"""Supporting [Charity Organization] in their efforts to provide clean water to communities in need. Join me in making a difference. #Charity #CleanWater"""
Twitter,Professionals,Networking,"""Connecting with professionals in the finance industry to exchange ideas and explore potential collaboration opportunities. #Networking #Finance"""
Twitter,Activists,Advocacy,"""Raising awareness about environmental conservation and the urgent need for sustainable practices. Together, we can protect our planet. #Environment #Conservation"""
Twitter,Influencers,Lifestyle Tips,"""Sharing my top tips for maintaining a healthy work-life balance in a fast-paced world. Prioritize self-care and set boundaries. #Wellness #Balance"""
Twitter,Everyday Users,Memes,"""Spotted: My face when I realize it's only Wednesday... üòÇ Who else needs a mid-week pick-me-up? #HumpDay #Memes"""
Twitter,Journalists,Live Reporting,"""Providing live updates from the scene of the protest, where demonstrators are demanding justice and accountability. #Protest #LiveUpdates"""
Twitter,Politicians,Public Address,"""Addressing constituents on the importance of early childhood education and equitable access to quality learning opportunities. #Education #Community"""
Twitter,Celebrities,Collaboration Teaser,"""Teaming up with [Fellow Celebrity] for an exciting new project! Can't wait to share more details soon. Stay tuned! #Collaboration #ExcitingNews"""
Twitter,Professionals,Industry Discussion,"""Engaging in a thought-provoking discussion on the future of renewable energy and its role in combating climate change. #Renewables #ClimateAction"""
Twitter,Activists,Community Organizing,"""Calling on volunteers to join our community cleanup effort this weekend. Together, we can make a positive impact in our neighborhood. #CommunityService"""
Twitter,Influencers,Giveaway Announcement,"""To show my appreciation for your support, I'm hosting a special giveaway! Follow and retweet for a chance to win exclusive prizes. #Giveaway #ThankYou"""
Twitter,Everyday Users,Trending Topics,"""Diving into the latest trending topics and memes like: insert GIF Who else can't keep up with internet culture? #Trending #InternetCulture"""
Twitter,Journalists,Investigative Reporting,"""Uncovering new evidence in the ongoing investigation into corporate fraud allegations. Stay tuned for exclusive insights. #CorporateFraud #Investigation"""
Twitter,Politicians,Town Hall Meeting,"""Hosting a virtual town hall to address community concerns and answer questions from constituents. Your input matters. #TownHall #CommunityEngagement"""
Twitter,Celebrities,Fan Interaction,"""Taking a trip down memory lane with fans and reminiscing about our favorite moments together. Share your fondest memories using #FanInteraction #Memories"""
Twitter,Professionals,Webinar Announcement,"""Excited to announce our upcoming webinar on digital marketing strategies for small businesses. Register now to secure your spot! #Webinar #Marketing"""
Twitter,Activists,Grassroots Campaign,"""Launching a grassroots campaign to raise awareness and support for affordable housing initiatives. Join us in making a difference. #AffordableHousing #Campaign"""
Twitter,Influencers,Sponsored Content,"""Partnering with [Brand] to promote their new skincare line. Tried and tested, it's officially part of my daily routine! #Sponsored #Skincare"""
Twitter,Everyday Users,Random Thoughts,"""Why do we park in driveways and drive on parkways? ü§î #RandomThoughts #MindBlown"""
Twitter,Journalists,News Update,"""New breakthrough in cancer research offers hope for improved treatment options. Stay informed with our latest coverage. #CancerResearch #MedicalNews"""
Twitter,Politicians,Policy Announcement,"""Introducing legislation to address rising housing costs and expand affordable housing options for families in need. #HousingCrisis #Legislation"""
Twitter,Celebrities,Charity Campaign,"""Supporting [Charity Organization] in their mission to provide meals to children in underserved communities. Join me in making a difference. #Charity #Community"""
Twitter,Professionals,Networking,"""Looking to connect with industry professionals to share insights and explore potential collaborations. Let's connect! #Networking #Business"""
Twitter,Activists,Advocacy,"""Calling for action to address climate change and protect our planet for future generations. Together, we can make a difference. #ClimateAction #Activism"""
Twitter,Influencers,Lifestyle Tips,"""Sharing my favorite productivity hacks for staying focused and organized in a busy world. What are your go-to strategies? #Productivity #LifeHacks"""
Twitter,Everyday Users,Memes,"""When you realize it's only Tuesday... üòÖ #TuesdayThoughts #Memes"""
Twitter,Journalists,Live Reporting,"""Providing live coverage of the election results as they come in. Stay tuned for the latest updates and analysis. #ElectionResults #LiveReporting"""
Twitter,Politicians,Public Address,"""Speaking on the importance of investing in infrastructure to create jobs and strengthen our economy. #InfrastructureWeek #EconomicRecovery"""
Twitter,Celebrities,Collaboration Teaser,"""Exciting things in the works with [Fellow Celebrity]! Can't wait to share more details with you all"
